model_name,train_r2,test_r2,train_rmse,test_rmse,train_mae,test_mae,training_time
Lasso Regression,0.8393276690169569,0.6667667612674804,20611.918413540476,16674.090272074893,11505.611807135994,11500.823507831674,0.03541207313537598
