model_name,train_r2,test_r2,train_rmse,test_rmse,train_mae,test_mae,training_time
Linear Regression,0.8393277596960079,0.6666114637545388,20611.912597139315,16677.975153334937,11507.640437495076,11503.438013239576,0.023310184478759766
