model_name,train_r2,test_r2,train_rmse,test_rmse,train_mae,test_mae,training_time
Ridge Regression,0.8393261212577774,0.6674758755887139,20612.01769077418,16656.33974217627,11497.935235469558,11491.326213933831,0.0519404411315918
